INSERT INTO Bosques (nombre, superficie) VALUES
('Bosque de La Plata', 152.4),
('Bosque del Oeste', 98.6),
('Reserva Monte Blanco', 230.0),
('Bosque El Silencio', 67.5),
('Selva del Sur', 310.8),
('Parque Ecológico Delta', 128.2),
('Bosque Encantado', 85.0),
('Reserva Pino Verde', 102.9),
('Bosque de los Arrayanes', 76.3),
('Refugio Los Molles', 95.4);

INSERT INTO Poligonos (id_poligono, nombre_bosque) VALUES
(1, 'Bosque de La Plata'), 
(2, 'Bosque de La Plata'),
(3, 'Bosque del Oeste'),  
(4, 'Bosque del Oeste'),
(5, 'Reserva Monte Blanco'),  
(6, 'Bosque El Silencio'),
(7, 'Selva del Sur'),  
(8, 'Selva del Sur'),
(9, 'Parque Ecológico Delta'),
(10, 'Bosque Encantado'),
(11, 'Reserva Pino Verde'), 
(12, 'Bosque de los Arrayanes'),
(13, 'Refugio Los Molles'),
(14, 'Refugio Los Molles');

INSERT INTO Coordenadas(id_poligono, latitud, longitud, n_coordenadas) VALUES
--Polígono 1, Bosque de La Plata
(1, -34.9215, -57.9545, 1),
(1, -34.9250, -57.9580, 2),
(1, -34.9285, -57.9510, 3),
(1, -34.9260, -57.9475, 4),
(1, -34.9225, -57.9500, 5),
--Pplígono 2, Bosque de La Plata
(2, -34.9300, -57.9600, 1),
(2, -34.9330, -57.9630, 2),
(2, -34.9315, -57.9570, 3),
(2, -34.9280, -57.9595, 4),
--Polígono 3, Bosque del Oeste
(3, -34.6037, -58.6052, 1),
(3, -34.6070, -58.6085, 2),
(3, -34.6100, -58.6020, 3),
(3, -34.6055, -58.5990, 4),
(3, -34.6020, -58.6015, 5),
(3, -34.6080, -58.6040, 6),
--Polígono 4, Bosque del Oeste
(4, -34.6150, -58.6100, 1),
(4, -34.6180, -58.6130, 2),
(4, -34.6120, -58.6070, 3),
--Polígono 5, Reserva Monte Blanco
(5, -38.2010, -59.7025, 1),
(5, -38.2045, -59.7060, 2),
(5, -38.2080, -59.7015, 3),
(5, -38.2055, -59.6980, 4),
(5, -38.2020, -59.7000, 5),
(5, -38.2065, -59.7035, 6),
(5, -38.2030, -59.6995, 7),
--Polígono 6, Bosque El Silencio
(6, -37.5512, -57.8030, 1),
(6, -37.5540, -57.8065, 2),
(6, -37.5575, -57.8020, 3),
(6, -37.5550, -57.7990, 4),
(6, -37.5525, -57.8010, 5),
--Polígono 7, Selva del Sur
(7, -38.9020, -60.1530, 1),
(7, -38.9055, -60.1565, 2),
(7, -38.9080, -60.1520, 3),
(7, -38.9035, -60.1495, 4),
-- Polígono 8, Selva del Sur
(8, -38.9100, -60.1600, 1),
(8, -38.9130, -60.1630, 2),
(8, -38.9115, -60.1570, 3),
(8, -38.9085, -60.1595, 4),
(8, -38.9060, -60.1550, 5),
(8, -38.9140, -60.1615, 6),
(8, -38.9095, -60.1540, 7),
(8, -38.9125, -60.1585, 8),
--Polígono 9, Parque Ecológico Delta
(9, -34.4015, -58.6520, 1),
(9, -34.4040, -58.6555, 2),
(9, -34.4075, -58.6510, 3),
(9, -34.4050, -58.6485, 4),
(9, -34.4025, -58.6500, 5),
(9, -34.4060, -58.6530, 6),
--Polígono 10, Bosque Encantado
(10, -37.9510, -57.5525, 1),
(10, -37.9545, -57.5560, 2),
(10, -37.9570, -57.5515, 3),
(10, -37.9530, -57.5490, 4),
--Polígono 11, Reserva Pino Verde
(11, -37.1020, -59.3030, 1),
(11, -37.1055, -59.3065, 2),
(11, -37.1080, -59.3020, 3),
(11, -37.1035, -59.2995, 4),
(11, -37.1060, -59.3015, 5),
--Polígono 12, Coordenadas para Bosque de los Arrayanes
(12, -40.7015, -71.8020, 1),
(12, -40.7040, -71.8055, 2),
(12, -40.7075, -71.8010, 3),
(12, -40.7050, -71.7985, 4),
(12, -40.7025, -71.8000, 5),
(12, -40.7060, -71.8030, 6),
(12, -40.7030, -71.7995, 7),
--Polígono 13, Refugio Los Molles
(13, -36.5510, -70.0525, 1),
(13, -36.5545, -70.0560, 2),
(13, -36.5570, -70.0515, 3),
--Polígono 14, Refugio Los Molles
(14, -36.5600, -70.0600, 1),
(14, -36.5630, -70.0630, 2),
(14, -36.5615, -70.0570, 3),
(14, -36.5585, -70.0595, 4),
(14, -36.5560, -70.0550, 5);

INSERT INTO IncendiosForestales (ts_inicio, nombre_bosque, ts_fin, estacion, hect_quemadas, latitud_inicio, longitud_inicio) VALUES
('2024-12-10 14:30:00', 'Bosque de La Plata', '2024-12-10 20:00:00', 'verano', 12.5, -34.9214, -57.9544),
('2024-11-25 13:15:00', 'Bosque del Oeste', '2024-11-25 19:30:00', 'primavera', 8.2, -35.0012, -58.1110),
('2025-01-03 15:00:00', 'Reserva Monte Blanco', '2025-01-03 21:10:00', 'verano', 17.9, -34.8500, -58.0500),
('2024-08-14 10:45:00', 'Bosque El Silencio', '2024-08-14 17:20:00', 'invierno', 5.7, -35.2301, -58.3333),
('2025-02-09 16:30:00', 'Selva del Sur', '2025-02-09 22:00:00', 'verano', 22.1, -34.7000, -58.5000),
('2024-10-01 12:00:00', 'Parque Ecológico Delta', '2024-10-01 18:00:00', 'primavera', 9.3, -34.4111, -58.9200),
('2025-03-12 13:45:00', 'Bosque Encantado', '2025-03-12 19:50:00', 'verano', 11.4, -34.8888, -57.9999),
('2025-01-20 11:15:00', 'Reserva Pino Verde', '2025-01-20 16:40:00', 'verano', 14.6, -34.3333, -58.1000),
('2024-07-05 09:30:00', 'Bosque de los Arrayanes', '2024-07-05 14:20:00', 'invierno', 6.8, -34.7001, -57.7800),
('2024-09-18 15:20:00', 'Refugio Los Molles', '2024-09-18 20:00:00', 'primavera', 10.7, -34.9999, -58.1111),
('2025-02-25 12:10:00', 'Bosque de La Plata', '2025-02-25 17:45:00', 'verano', 13.0, -34.9214, -57.9544),
('2024-12-18 13:50:00', 'Bosque del Oeste', '2024-12-18 20:30:00', 'verano', 9.5, -35.0012, -58.1110),
('2025-01-15 14:30:00', 'Reserva Monte Blanco', '2025-01-15 21:00:00', 'verano', 16.0, -34.8500, -58.0500),
('2024-08-20 11:00:00', 'Bosque El Silencio', '2024-08-20 16:40:00', 'invierno', 4.8, -35.2301, -58.3333),
('2025-03-01 17:30:00', 'Selva del Sur', '2025-03-01 23:30:00', 'verano', 20.0, -34.7000, -58.5000),
('2024-10-12 10:20:00', 'Parque Ecológico Delta', '2024-10-12 15:10:00', 'primavera', 7.2, -34.4111, -58.9200),
('2025-02-18 14:10:00', 'Bosque Encantado', '2025-02-18 20:30:00', 'verano', 12.9, -34.8888, -57.9999),
('2025-01-25 12:00:00', 'Reserva Pino Verde', '2025-01-25 17:00:00', 'verano', 15.2, -34.3333, -58.1000),
('2024-07-10 09:40:00', 'Bosque de los Arrayanes', '2024-07-10 14:00:00', 'invierno', 7.3, -34.7001, -57.7800),
('2024-09-25 16:15:00', 'Refugio Los Molles', '2024-09-25 21:30:00', 'primavera', 11.8, -34.9999, -58.1111);

INSERT INTO Partidos (nombre, densidad_poblacional, superficie_total) VALUES
('Quilmes', 7000.2, 125.0),
('Morón', 6500.8, 52.0),
('Avellaneda', 14000.5, 53.0),
('La Plata', 650.5, 940.71),
('Tigre', 1200.8, 628.0),
('General Pueyrredón', 1300.1, 1452.0), 
('Bahía Blanca', 350.6, 2300.0),      
('Campana', 450.3, 382.0);

INSERT INTO BosquesEnPartidos (nombre_bosque, nombre_partido) VALUES
  ('Bosque de La Plata', 'La Plata'),
  ('Bosque del Oeste', 'Quilmes'),
  ('Reserva Monte Blanco', 'Morón'),
  ('Bosque El Silencio', 'Avellaneda'),
  ('Selva del Sur', 'Quilmes'),
  ('Parque Ecológico Delta', 'La Plata'),
  ('Bosque Encantado', 'Quilmes'),
  ('Reserva Pino Verde', 'Avellaneda'),
  ('Bosque de los Arrayanes', 'Morón'),
  ('Refugio Los Molles', 'Morón');

INSERT INTO Bomberos (nro_brigada, nombre_partido, tipo, cantidad_bomberos) VALUES
  (1, 'Quilmes', 'oficial', 31),
  (2, 'Quilmes', 'voluntario', 24),
  (3, 'La Plata', 'oficial', 15),
  (4, 'Avellaneda', 'oficial', 18),
  (5, 'Quilmes', 'oficial', 16),
  (6, 'Morón', 'voluntario', 22),
  (7, 'Avellaneda', 'voluntario', 25);

INSERT INTO BomberosEnIncendios (nro_brigada, nombre_bosque, inicio_incendio) VALUES
  (3, 'Bosque de La Plata', '2024-12-10 14:30:00'),
  (5, 'Bosque del Oeste', '2024-12-18 13:50:00'),
  (1, 'Reserva Monte Blanco', '2025-01-15 14:30:00'),
  (6, 'Reserva Monte Blanco', '2025-01-15 14:30:00'),
  (7, 'Bosque El Silencio', '2024-08-20 11:00:00'),
  (1, 'Selva del Sur', '2025-02-09 16:30:00'),
  (2, 'Selva del Sur', '2025-02-09 16:30:00'),
  (3, 'Parque Ecológico Delta', '2024-10-12 10:20:00'),
  (5, 'Bosque Encantado', '2025-03-12 13:45:00'),
  (4, 'Reserva Pino Verde', '2025-01-20 11:15:00'),
  (5, 'Bosque de los Arrayanes', '2024-07-05 09:30:00'),
  (2, 'Refugio Los Molles', '2024-09-18 15:20:00'),
  (4, 'Bosque de La Plata', '2025-02-25 12:10:00'),
  (5, 'Bosque del Oeste', '2024-11-25 13:15:00'),
  (6, 'Reserva Monte Blanco', '2025-01-03 15:00:00'),
  (5, 'Bosque El Silencio', '2024-08-14 10:45:00'),
  (1, 'Selva del Sur', '2025-03-01 17:30:00'),
  (4, 'Parque Ecológico Delta', '2024-10-12 10:20:00'),
  (3, 'Bosque Encantado', '2025-02-18 14:10:00'),
  (5, 'Reserva Pino Verde', '2025-01-25 12:00:00'),
  (4, 'Bosque de los Arrayanes', '2024-07-10 09:40:00'),
  (4, 'Refugio Los Molles', '2024-09-25 16:15:00');

INSERT INTO Recursos (nombre, tipo, descripcion) VALUES
  ('Camión cisterna', 'material', 'Camión con tanque de agua'),
  ('Mochila hidrante', 'material', 'Dispositivo portátil de extinción'),
  ('Avión hidrante', 'material', 'Avión para apagar incendios desde el aire'),
  ('Brigadista', 'humano', 'Personal capacitado'),
  ('Helicóptero', 'material', 'Transporte y extinción aérea');

INSERT INTO RecursosUtilizadosEnIncendios (nombre_recurso, nombre_bosque, inicio_incendio, cantidad) VALUES
  ('Camión cisterna', 'Bosque de La Plata', '2024-12-10 14:30:00', 5),
  ('Mochila hidrante', 'Bosque de La Plata', '2024-12-10 14:30:00', 5),
  ('Camión cisterna', 'Bosque del Oeste', '2024-11-25 13:15:00', 2),
  ('Mochila hidrante', 'Bosque del Oeste', '2024-11-25 13:15:00', 2),
  ('Avión hidrante', 'Bosque del Oeste', '2024-11-25 13:15:00', 3),
  ('Camión cisterna', 'Reserva Monte Blanco', '2025-01-03 15:00:00', 4),
  ('Mochila hidrante', 'Reserva Monte Blanco', '2025-01-03 15:00:00', 2),
  ('Avión hidrante', 'Reserva Monte Blanco', '2025-01-03 15:00:00', 3),
  ('Camión cisterna', 'Bosque El Silencio', '2024-08-14 10:45:00', 4),
  ('Mochila hidrante', 'Bosque El Silencio', '2024-08-14 10:45:00', 5),
  ('Camión cisterna', 'Selva del Sur', '2025-02-09 16:30:00', 4),
  ('Mochila hidrante', 'Selva del Sur', '2025-02-09 16:30:00', 3),
  ('Avión hidrante', 'Selva del Sur', '2025-02-09 16:30:00', 4),
  ('Camión cisterna', 'Parque Ecológico Delta', '2024-10-01 12:00:00', 1),
  ('Mochila hidrante', 'Parque Ecológico Delta', '2024-10-01 12:00:00', 5),
  ('Camión cisterna', 'Bosque Encantado', '2025-03-12 13:45:00', 5),
  ('Camión cisterna', 'Reserva Pino Verde', '2025-01-20 11:15:00', 4),
  ('Mochila hidrante', 'Reserva Pino Verde', '2025-01-20 11:15:00', 2),
  ('Avión hidrante', 'Reserva Pino Verde', '2025-01-20 11:15:00', 4),
  ('Camión cisterna', 'Bosque de los Arrayanes', '2024-07-05 09:30:00', 3),
  ('Mochila hidrante', 'Bosque de los Arrayanes', '2024-07-05 09:30:00', 5),
  ('Camión cisterna', 'Refugio Los Molles', '2024-09-18 15:20:00', 5),
  ('Camión cisterna', 'Bosque de La Plata', '2025-02-25 12:10:00', 1),
  ('Camión cisterna', 'Bosque del Oeste', '2024-12-18 13:50:00', 3),
  ('Mochila hidrante', 'Bosque del Oeste', '2024-12-18 13:50:00', 1),
  ('Avión hidrante', 'Bosque del Oeste', '2024-12-18 13:50:00', 5),
  ('Camión cisterna', 'Reserva Monte Blanco', '2025-01-15 14:30:00', 4),
  ('Mochila hidrante', 'Reserva Monte Blanco', '2025-01-15 14:30:00', 3),
  ('Avión hidrante', 'Reserva Monte Blanco', '2025-01-15 14:30:00', 2),
  ('Camión cisterna', 'Bosque El Silencio', '2024-08-20 11:00:00', 5),
  ('Mochila hidrante', 'Bosque El Silencio', '2024-08-20 11:00:00', 5),
  ('Camión cisterna', 'Selva del Sur', '2025-03-01 17:30:00', 3),
  ('Mochila hidrante', 'Selva del Sur', '2025-03-01 17:30:00', 1),
  ('Avión hidrante', 'Selva del Sur', '2025-03-01 17:30:00', 4),
  ('Camión cisterna', 'Parque Ecológico Delta', '2024-10-12 10:20:00', 2),
  ('Camión cisterna', 'Bosque Encantado', '2025-02-18 14:10:00', 1),
  ('Mochila hidrante', 'Bosque Encantado', '2025-02-18 14:10:00', 3),
  ('Camión cisterna', 'Reserva Pino Verde', '2025-01-25 12:00:00', 5),
  ('Camión cisterna', 'Bosque de los Arrayanes', '2024-07-10 09:40:00', 5),
  ('Mochila hidrante', 'Bosque de los Arrayanes', '2024-07-10 09:40:00', 4),
  ('Camión cisterna', 'Refugio Los Molles', '2024-09-25 16:15:00', 2);

INSERT INTO Causas (nombre, tipo, descripcion) VALUES
  ('Descuido', 'artificial', 'Fuego mal apagado'),
  ('Relámpago', 'natural', 'Impacto de rayo'),
  ('Quema ilegal', 'artificial', 'Quema sin permiso'),
  ('Asado mal apagado', 'artificial', 'Restos de fuego sin extinguir'),
  ('Alta temperatura', 'natural', 'Condiciones climáticas extremas');

INSERT INTO CausasIncendios (nombre_causa, nombre_bosque, inicio_incendio) VALUES
  ('Descuido', 'Bosque de La Plata', '2024-12-10 14:30:00'),
  ('Relámpago', 'Bosque del Oeste', '2024-11-25 13:15:00'),
  ('Quema ilegal', 'Reserva Monte Blanco', '2025-01-03 15:00:00'),
  ('Asado mal apagado', 'Bosque El Silencio', '2024-08-14 10:45:00'),
  ('Alta temperatura', 'Selva del Sur', '2025-02-09 16:30:00'),
  ('Descuido', 'Parque Ecológico Delta', '2024-10-01 12:00:00'),
  ('Relámpago', 'Bosque Encantado', '2025-03-12 13:45:00'),
  ('Quema ilegal', 'Reserva Pino Verde', '2025-01-20 11:15:00'),
  ('Asado mal apagado', 'Bosque de los Arrayanes', '2024-07-05 09:30:00'),
  ('Alta temperatura', 'Refugio Los Molles', '2024-09-18 15:20:00'),
  ('Descuido', 'Bosque de La Plata', '2025-02-25 12:10:00'),
  ('Relámpago', 'Bosque del Oeste', '2024-12-18 13:50:00'),
  ('Quema ilegal', 'Reserva Monte Blanco', '2025-01-15 14:30:00'),
  ('Asado mal apagado', 'Bosque El Silencio', '2024-08-20 11:00:00'),
  ('Alta temperatura', 'Selva del Sur', '2025-03-01 17:30:00'),
  ('Descuido', 'Parque Ecológico Delta', '2024-10-12 10:20:00'),
  ('Relámpago', 'Bosque Encantado', '2025-02-18 14:10:00'),
  ('Quema ilegal', 'Reserva Pino Verde', '2025-01-25 12:00:00'),
  ('Asado mal apagado', 'Bosque de los Arrayanes', '2024-07-10 09:40:00'),
  ('Alta temperatura', 'Refugio Los Molles', '2024-09-25 16:15:00');

INSERT INTO Tacticas (nombre, descripcion) VALUES
  ('Ataque directo', 'Acción inmediata sobre el fuego'),
  ('Cortafuegos', 'Creación de barreras físicas'),
  ('Ataque aéreo', 'Descarga desde el aire'),
  ('Relevos de brigadas', 'Rotación de personal en el terreno');

INSERT INTO TacticasUtilizadasEnIncendios (nombre_tactica, nombre_bosque, inicio_incendio) VALUES
  ('Ataque directo', 'Bosque de La Plata', '2024-12-10 14:30:00'),
  ('Cortafuegos', 'Bosque del Oeste', '2024-11-25 13:15:00'),
  ('Ataque aéreo', 'Reserva Monte Blanco', '2025-01-03 15:00:00'),
  ('Relevos de brigadas', 'Bosque El Silencio', '2024-08-14 10:45:00'),
  ('Ataque directo', 'Selva del Sur', '2025-02-09 16:30:00'),
  ('Cortafuegos', 'Parque Ecológico Delta', '2024-10-01 12:00:00'),
  ('Ataque aéreo', 'Bosque Encantado', '2025-03-12 13:45:00'),
  ('Relevos de brigadas', 'Reserva Pino Verde', '2025-01-20 11:15:00'),
  ('Ataque directo', 'Bosque de los Arrayanes', '2024-07-05 09:30:00'),
  ('Cortafuegos', 'Refugio Los Molles', '2024-09-18 15:20:00'),
  ('Ataque aéreo', 'Bosque de La Plata', '2025-02-25 12:10:00'),
  ('Relevos de brigadas', 'Bosque del Oeste', '2024-12-18 13:50:00'),
  ('Ataque directo', 'Reserva Monte Blanco', '2025-01-15 14:30:00'),
  ('Cortafuegos', 'Bosque El Silencio', '2024-08-20 11:00:00'),
  ('Ataque aéreo', 'Selva del Sur', '2025-03-01 17:30:00'),
  ('Relevos de brigadas', 'Parque Ecológico Delta', '2024-10-12 10:20:00'),
  ('Ataque directo', 'Bosque Encantado', '2025-02-18 14:10:00'),
  ('Cortafuegos', 'Reserva Pino Verde', '2025-01-25 12:00:00'),
  ('Ataque aéreo', 'Bosque de los Arrayanes', '2024-07-10 09:40:00'),
  ('Relevos de brigadas', 'Refugio Los Molles', '2024-09-25 16:15:00');

INSERT INTO EstacionesMetereologicas (nombre, nombre_partido, calle, numero, mail, telefono) VALUES
  ('Estación La Plata', 'La Plata', 'Calle 0', '100', 'contacto@la plata.gov.ar', '11-4000-100'),
  ('Estación Tigre', 'Tigre', 'Calle 1', '101', 'contacto@tigre.gov.ar', '11-4000-101'),
  ('Estación Quilmes', 'Quilmes', 'Calle 2', '102', 'contacto@quilmes.gov.ar', '11-4000-102'),
  ('Estación Morón', 'Morón', 'Calle 3', '103', 'contacto@morón.gov.ar', '11-4000-103'),
  ('Estación Avellaneda', 'Avellaneda', 'Calle 4', '104', 'contacto@avellaneda.gov.ar', '11-4000-104');

INSERT INTO InformesMetereologicos (timestamp, nombre_estacionMetereologica, dir_viento, vel_viento, precipitacion_6h, precipitacion12_h, humedad, temperatura) VALUES
  ('2024-12-10 13:30:00', 'Estación Quilmes', 'NE', 18.2, 1.5, 3.0, 65.2, 28.5),
  ('2024-11-25 12:15:00', 'Estación Quilmes', 'SO', 12.5, 0.8, 1.2, 72.1, 24.1),
  ('2025-01-03 14:00:00', 'Estación Morón', 'N', 15.8, 2.2, 4.5, 58.7, 31.2),
  ('2024-08-14 09:45:00', 'Estación Avellaneda', 'E', 10.3, 0.0, 0.0, 85.3, 15.8),
  ('2025-02-09 15:30:00', 'Estación Quilmes', 'SE', 22.1, 3.1, 6.3, 68.9, 33.7),
  ('2024-10-01 11:00:00', 'Estación La Plata', 'O', 9.7, 0.5, 0.9, 78.4, 21.9),
  ('2025-03-12 12:45:00', 'Estación Quilmes', 'N', 16.4, 1.8, 3.5, 62.5, 29.8),
  ('2025-01-20 10:15:00', 'Estación Avellaneda', 'S', 11.9, 0.2, 0.4, 81.6, 26.3),
  ('2024-07-05 08:30:00', 'Estación Morón', 'O', 8.5, 0.0, 0.0, 90.1, 10.5),
  ('2024-09-18 14:20:00', 'Estación Morón', 'NE', 14.7, 0.3, 0.6, 75.9, 19.2),
  ('2025-02-25 11:10:00', 'Estación Quilmes', 'E', 20.5, 2.5, 5.1, 70.3, 32.1),
  ('2024-12-18 12:50:00', 'Estación Quilmes', 'SO', 13.9, 1.1, 2.3, 68.5, 27.4),
  ('2025-01-15 13:30:00', 'Estación Morón', 'N', 17.1, 1.9, 3.8, 60.2, 30.5),
  ('2024-08-20 10:00:00', 'Estación Avellaneda', 'E', 9.1, 0.0, 0.0, 88.7, 14.9),
  ('2025-03-01 16:30:00', 'Estación Quilmes', 'SE', 21.0, 2.8, 5.7, 71.4, 33.0),
  ('2024-10-12 09:20:00', 'Estación La Plata', 'O', 10.8, 0.7, 1.4, 76.9, 22.5),
  ('2025-02-18 13:10:00', 'Estación Quilmes', 'N', 15.2, 1.5, 3.1, 64.1, 29.1),
  ('2025-01-25 11:00:00', 'Estación Avellaneda', 'S', 12.8, 0.3, 0.6, 80.2, 25.9),
  ('2024-07-10 08:40:00', 'Estación Morón', 'O', 9.3, 0.0, 0.0, 89.5, 11.2),
  ('2024-09-25 15:15:00', 'Estación Morón', 'NE', 13.5, 0.4, 0.8, 77.3, 18.7);

INSERT INTO ComportamientosIncendios (nombre_bosque, inicio_incendio, dia, hora, longitud_llamas, altura_llamas, humedad_comb_FFMC, humedad_comb_DMC, humedad_comb_DC, timestamp_informeMeteorologico, nombre_estacionMetereologica) VALUES
  ('Bosque de La Plata', '2024-12-10 14:30:00', '2024-12-10', '14:30:00', 28.1, 7.4, 82.8, 60.0, 53.4, '2024-12-10 13:30:00', 'Estación Quilmes'),
  ('Bosque del Oeste', '2024-11-25 13:15:00', '2024-11-25', '13:15:00', 39.0, 6.1, 78.4, 59.8, 31.5, '2024-11-25 12:15:00', 'Estación Quilmes'),
  ('Reserva Monte Blanco', '2025-01-03 15:00:00', '2025-01-03', '15:00:00', 38.5, 1.5, 92.4, 53.7, 52.4, '2025-01-03 14:00:00', 'Estación Morón'),
  ('Bosque El Silencio', '2024-08-14 10:45:00', '2024-08-14', '10:45:00', 25.3, 4.4, 93.9, 74.5, 26.5, '2024-08-14 09:45:00', 'Estación Avellaneda'),
  ('Selva del Sur', '2025-02-09 16:30:00', '2025-02-09', '16:30:00', 25.0, 8.2, 89.8, 72.5, 54.5, '2025-02-09 15:30:00', 'Estación Quilmes'),
  ('Parque Ecológico Delta', '2024-10-01 12:00:00', '2024-10-01', '12:00:00', 23.9, 4.1, 76.5, 68.7, 40.0, '2024-10-01 11:00:00', 'Estación La Plata'),
  ('Bosque Encantado', '2025-03-12 13:45:00', '2025-03-12', '13:45:00', 20.7, 3.5, 76.5, 51.6, 31.1, '2025-03-12 12:45:00', 'Estación Quilmes'),
  ('Reserva Pino Verde', '2025-01-20 11:15:00', '2025-01-20', '11:15:00', 37.2, 8.8, 83.5, 77.0, 44.7, '2025-01-20 10:15:00', 'Estación Avellaneda'),
  ('Bosque de los Arrayanes', '2024-07-05 09:30:00', '2024-07-05', '09:30:00', 12.7, 3.5, 82.7, 63.5, 37.1, '2024-07-05 08:30:00', 'Estación Morón'),
  ('Refugio Los Molles', '2024-09-18 15:20:00', '2024-09-18', '15:20:00', 47.3, 5.8, 88.7, 50.7, 25.4, '2024-09-18 14:20:00', 'Estación Morón'),
  ('Bosque de La Plata', '2025-02-25 12:10:00', '2025-02-25', '12:10:00', 37.4, 9.5, 78.7, 69.9, 31.0, '2025-02-25 11:10:00', 'Estación Quilmes'),
  ('Bosque del Oeste', '2024-12-18 13:50:00', '2024-12-18', '13:50:00', 20.9, 7.5, 80.8, 75.9, 29.7, '2024-12-18 12:50:00', 'Estación Quilmes'),
  ('Reserva Monte Blanco', '2025-01-15 14:30:00', '2025-01-15', '14:30:00', 47.0, 2.1, 89.8, 58.0, 21.0, '2025-01-15 13:30:00', 'Estación Morón'),
  ('Bosque El Silencio', '2024-08-20 11:00:00', '2024-08-20', '11:00:00', 48.5, 7.5, 89.8, 70.3, 59.0, '2024-08-20 10:00:00', 'Estación Avellaneda'),
  ('Selva del Sur', '2025-03-01 17:30:00', '2025-03-01', '17:30:00', 14.2, 9.9, 77.8, 61.2, 33.6, '2025-03-01 16:30:00', 'Estación Quilmes'),
  ('Parque Ecológico Delta', '2024-10-12 10:20:00', '2024-10-12', '10:20:00', 13.1, 1.4, 90.2, 73.6, 54.5, '2024-10-12 09:20:00', 'Estación La Plata'),
  ('Bosque Encantado', '2025-02-18 14:10:00', '2025-02-18', '14:10:00', 32.7, 8.0, 76.4, 66.7, 21.4, '2025-02-18 13:10:00', 'Estación Quilmes'),
  ('Reserva Pino Verde', '2025-01-25 12:00:00', '2025-01-25', '12:00:00', 11.3, 2.5, 77.4, 66.5, 48.4, '2025-01-25 11:00:00', 'Estación Avellaneda'),
  ('Bosque de los Arrayanes', '2024-07-10 09:40:00', '2024-07-10', '09:40:00', 34.6, 3.9, 94.2, 58.2, 54.5, '2024-07-10 08:40:00', 'Estación Morón'),
  ('Refugio Los Molles', '2024-09-25 16:15:00', '2024-09-25', '16:15:00', 10.2, 8.2, 82.1, 69.1, 54.6, '2024-09-25 15:15:00', 'Estación Morón');

INSERT INTO IndicesSAVI (fecha, nombre_bosque, valor_savi) VALUES
  ('2024-12-05', 'Bosque de La Plata', 0.621), 
  ('2024-12-15', 'Bosque de La Plata', 0.315), 
  ('2024-11-20', 'Bosque del Oeste', 0.587),
  ('2024-11-30', 'Bosque del Oeste', 0.250),
  ('2024-12-28', 'Reserva Monte Blanco', 0.701), 
  ('2025-01-08', 'Reserva Monte Blanco', 0.389), 
  ('2024-08-09', 'Bosque El Silencio', 0.512),
  ('2024-08-19', 'Bosque El Silencio', 0.290), 
  ('2025-02-04', 'Selva del Sur', 0.789), 
  ('2025-02-14', 'Selva del Sur', 0.412), 
  ('2024-09-26', 'Parque Ecológico Delta', 0.715), 
  ('2024-10-06', 'Parque Ecológico Delta', 0.357), 
  ('2025-03-07', 'Bosque Encantado', 0.654), 
  ('2025-03-17', 'Bosque Encantado', 0.301), 
  ('2025-01-15', 'Reserva Pino Verde', 0.555),
  ('2025-01-25', 'Reserva Pino Verde', 0.222), 
  ('2024-06-30', 'Bosque de los Arrayanes', 0.488), 
  ('2024-07-15', 'Bosque de los Arrayanes', 0.276), 
  ('2024-09-13', 'Refugio Los Molles', 0.812), 
  ('2024-09-23', 'Refugio Los Molles', 0.405), 
  ('2025-02-20', 'Bosque de La Plata', 0.650), 
  ('2025-03-02', 'Bosque de La Plata', 0.330), 
  ('2024-12-13', 'Bosque del Oeste', 0.611), 
  ('2024-12-23', 'Bosque del Oeste', 0.288), 
  ('2025-01-10', 'Reserva Monte Blanco', 0.722), 
  ('2025-01-20', 'Reserva Monte Blanco', 0.399),
  ('2024-08-15', 'Bosque El Silencio', 0.533),
  ('2024-08-25', 'Bosque El Silencio', 0.311), 
  ('2025-02-24', 'Selva del Sur', 0.801), 
  ('2025-03-07', 'Selva del Sur', 0.422), 
  ('2024-10-07', 'Parque Ecológico Delta', 0.733), 
  ('2024-10-17', 'Parque Ecológico Delta', 0.377), 
  ('2025-02-13', 'Bosque Encantado', 0.677),
  ('2025-02-23', 'Bosque Encantado', 0.322), 
  ('2025-01-20', 'Reserva Pino Verde', 0.577), 
  ('2025-01-30', 'Reserva Pino Verde', 0.244), 
  ('2024-07-05', 'Bosque de los Arrayanes', 0.500),
  ('2024-07-20', 'Bosque de los Arrayanes', 0.288), 
  ('2024-09-20', 'Refugio Los Molles', 0.833), 
  ('2024-09-30', 'Refugio Los Molles', 0.425); 

INSERT INTO IndicesGLI (fecha, nombre_bosque, valor_gli, valor_rojo, valor_azul, valor_verde) VALUES
  ('2024-12-05', 'Bosque de La Plata', 0.15, 0.35, 0.80, 0.50), 
  ('2024-12-15', 'Bosque de La Plata', -0.20, 0.60, 0.40, 0.30), 
  ('2024-11-20', 'Bosque del Oeste', 0.22, 0.30, 0.75, 0.45), 
  ('2024-11-30', 'Bosque del Oeste', -0.15, 0.55, 0.35, 0.30), 
  ('2024-12-28', 'Reserva Monte Blanco', 0.30, 0.40, 0.65, 0.55), 
  ('2025-01-08', 'Reserva Monte Blanco', -0.05, 0.50, 0.45, 0.40),
  ('2024-08-09', 'Bosque El Silencio', 0.18, 0.38, 0.78, 0.40),
  ('2024-08-19', 'Bosque El Silencio', -0.25, 0.65, 0.30, 0.25), 
  ('2025-02-04', 'Selva del Sur', 0.25, 0.25, 0.70, 0.55),
  ('2025-02-14', 'Selva del Sur', -0.10, 0.50, 0.40, 0.35), 
  ('2024-09-26', 'Parque Ecológico Delta', 0.32, 0.45, 0.60, 0.58), 
  ('2024-10-06', 'Parque Ecológico Delta', -0.08, 0.52, 0.42, 0.38), 
  ('2025-03-07', 'Bosque Encantado', 0.28, 0.42, 0.68, 0.50),
  ('2025-03-17', 'Bosque Encantado', -0.12, 0.58, 0.38, 0.32),
  ('2025-01-15', 'Reserva Pino Verde', 0.21, 0.33, 0.72, 0.44),
  ('2025-01-25', 'Reserva Pino Verde', -0.18, 0.58, 0.32, 0.30),
  ('2024-06-30', 'Bosque de los Arrayanes', 0.16, 0.36, 0.79, 0.42), 
  ('2024-07-15', 'Bosque de los Arrayanes', -0.22, 0.62, 0.36, 0.28), 
  ('2024-09-13', 'Refugio Los Molles', 0.35, 0.48, 0.58, 0.62), 
  ('2024-09-23', 'Refugio Los Molles', -0.02, 0.49, 0.47, 0.48), 
  ('2025-02-20', 'Bosque de La Plata', 0.19, 0.39, 0.77, 0.41), 
  ('2025-03-02', 'Bosque de La Plata', -0.19, 0.59, 0.39, 0.31),
  ('2024-12-13', 'Bosque del Oeste', 0.23, 0.31, 0.74, 0.46),
  ('2024-12-23', 'Bosque del Oeste', -0.16, 0.56, 0.34, 0.30),
  ('2025-01-10', 'Reserva Monte Blanco', 0.31, 0.41, 0.64, 0.56), 
  ('2025-01-20', 'Reserva Monte Blanco', -0.06, 0.51, 0.44, 0.39), 
  ('2024-08-15', 'Bosque El Silencio', 0.20, 0.40, 0.76, 0.42), 
  ('2024-08-25', 'Bosque El Silencio', -0.23, 0.63, 0.32, 0.27), 
  ('2025-02-24', 'Selva del Sur', 0.26, 0.26, 0.69, 0.56), 
  ('2025-03-07', 'Selva del Sur', -0.09, 0.49, 0.41, 0.36), 
  ('2024-10-07', 'Parque Ecológico Delta', 0.33, 0.46, 0.59, 0.59),
  ('2024-10-17', 'Parque Ecológico Delta', -0.07, 0.53, 0.41, 0.37),
  ('2025-02-13', 'Bosque Encantado', 0.29, 0.43, 0.67, 0.51), 
  ('2025-02-23', 'Bosque Encantado', -0.11, 0.57, 0.39, 0.33), 
  ('2025-01-20', 'Reserva Pino Verde', 0.22, 0.34, 0.71, 0.45), 
  ('2025-01-30', 'Reserva Pino Verde', -0.17, 0.57, 0.33, 0.29), 
  ('2024-07-05', 'Bosque de los Arrayanes', 0.17, 0.37, 0.78, 0.43),
  ('2024-07-20', 'Bosque de los Arrayanes', -0.21, 0.61, 0.37, 0.29), 
  ('2024-09-20', 'Refugio Los Molles', 0.36, 0.49, 0.57, 0.63),
  ('2024-09-30', 'Refugio Los Molles', -0.12, 0.87, 0.21, 0.42);
  
INSERT INTO AfluenciasTuristicas (fecha, nombre_bosque, cant_turistas) VALUES
  ('2024-11-08', 'Bosque de La Plata', 240),
  ('2024-11-19', 'Bosque del Oeste', 141),
  ('2024-11-25', 'Reserva Monte Blanco', 163),
  ('2024-11-28', 'Bosque El Silencio', 222),
  ('2024-11-15', 'Selva del Sur', 334),
  ('2024-11-04', 'Parque Ecológico Delta', 348),
  ('2024-11-10', 'Bosque Encantado', 346),
  ('2024-11-27', 'Reserva Pino Verde', 165),
  ('2024-11-28', 'Bosque de los Arrayanes', 104),
  ('2024-11-13', 'Refugio Los Molles', 452),
  ('2024-12-05', 'Bosque de La Plata', 350),
  ('2024-12-15', 'Bosque de La Plata', 50),
  ('2024-11-20', 'Bosque del Oeste', 210),
  ('2024-11-30', 'Bosque del Oeste', 35),
  ('2024-12-28', 'Reserva Monte Blanco', 180),
  ('2025-01-08', 'Reserva Monte Blanco', 25),
  ('2024-08-09', 'Bosque El Silencio', 280),
  ('2024-08-19', 'Bosque El Silencio', 40),
  ('2025-02-04', 'Selva del Sur', 410),
  ('2025-02-14', 'Selva del Sur', 60),
  ('2024-09-26', 'Parque Ecológico Delta', 380),
  ('2024-10-06', 'Parque Ecológico Delta', 55),
  ('2025-03-07', 'Bosque Encantado', 390),
  ('2025-03-17', 'Bosque Encantado', 45),
  ('2025-01-15', 'Reserva Pino Verde', 200),
  ('2025-01-25', 'Reserva Pino Verde', 30),
  ('2024-06-30', 'Bosque de los Arrayanes', 150),
  ('2024-07-15', 'Bosque de los Arrayanes', 20),
  ('2024-09-13', 'Refugio Los Molles', 480),
  ('2024-09-23', 'Refugio Los Molles', 70),
  ('2025-02-20', 'Bosque de La Plata', 365),
  ('2025-03-02', 'Bosque de La Plata', 48),
  ('2024-12-13', 'Bosque del Oeste', 225),
  ('2024-12-23', 'Bosque del Oeste', 38),
  ('2025-01-10', 'Reserva Monte Blanco', 195),
  ('2025-01-20', 'Reserva Monte Blanco', 28),
  ('2024-08-15', 'Bosque El Silencio', 295),
  ('2024-08-25', 'Bosque El Silencio', 42),
  ('2025-02-24', 'Selva del Sur', 425),
  ('2025-03-07', 'Selva del Sur', 63),
  ('2024-10-07', 'Parque Ecológico Delta', 395),
  ('2024-10-17', 'Parque Ecológico Delta', 58),
  ('2025-02-13', 'Bosque Encantado', 405),
  ('2025-02-23', 'Bosque Encantado', 47),
  ('2025-01-20', 'Reserva Pino Verde', 215),
  ('2025-01-30', 'Reserva Pino Verde', 32),
  ('2024-07-05', 'Bosque de los Arrayanes', 165),
  ('2024-07-20', 'Bosque de los Arrayanes', 23),
  ('2024-09-20', 'Refugio Los Molles', 495),
  ('2024-09-30', 'Refugio Los Molles', 73);